file,done
common-registry/src/main/java/it/csi/registry/test/MainClient.java,true
amianto-registry/src/main/java/it/csi/registry/AmiantoRegistryApplication.java,true
amianto-registry/src/main/java/it/csi/registry/repositories/EsenzioneRepositoryImpl.java,true
amianto-registry/src/main/java/it/csi/registry/repositories/ParametroRepository.java,true
amianto-registry/src/main/java/it/csi/registry/repositories/AdesioneRepositoryImpl.java,true
amianto-registry/src/main/java/it/csi/registry/repositories/ArchivioFileCaricatiRepository.java,true
amianto-registry/src/main/java/it/csi/registry/repositories/AslRepositoryImpl.java,true
amianto-registry/src/main/java/it/csi/registry/repositories/FonteRepository.java,true
amianto-registry/src/main/java/it/csi/registry/repositories/ArchivioFileCaricatiRepositoryImpl.java,true
amianto-registry/src/main/java/it/csi/registry/repositories/ComuneRepository.java,true
amianto-registry/src/main/java/it/csi/registry/repositories/TracciaElaborazioneRepository.java,true
amianto-registry/src/main/java/it/csi/registry/repositories/ComuneRepositoryImpl.java,true
amianto-registry/src/main/java/it/csi/registry/repositories/InailRepositoryImpl.java,true
amianto-registry/src/main/java/it/csi/registry/repositories/NplaRepository.java,true
amianto-registry/src/main/java/it/csi/registry/repositories/InailRepository.java,true
amianto-registry/src/main/java/it/csi/registry/repositories/NoteRepositoryImpl.java,true
amianto-registry/src/main/java/it/csi/registry/repositories/ParametroRepositoryImpl.java,true
amianto-registry/src/main/java/it/csi/registry/repositories/NplaRepositoryImpl.java,true
amianto-registry/src/main/java/it/csi/registry/repositories/NazioneRepositoryImpl.java,true
amianto-registry/src/main/java/it/csi/registry/repositories/PdfRepositoryImpl.java,true
amianto-registry/src/main/java/it/csi/registry/repositories/SpresalRepositoryImpl.java,true
amianto-registry/src/main/java/it/csi/registry/repositories/TracciaElaborazioneRepositoryImpl.java,true
amianto-registry/src/main/java/it/csi/registry/repositories/AnagraficaRepository.java,true
amianto-registry/src/main/java/it/csi/registry/repositories/ProvinciaRepositoryImpl.java,true
amianto-registry/src/main/java/it/csi/registry/repositories/AuditRepository.java,true
amianto-registry/src/main/java/it/csi/registry/repositories/EsenzioneRepository.java,true
amianto-registry/src/main/java/it/csi/registry/repositories/SpresalRepository.java,true
amianto-registry/src/main/java/it/csi/registry/repositories/NazioneRepository.java,true
amianto-registry/src/main/java/it/csi/registry/repositories/AnagraficaRepositoryImpl.java,true
amianto-registry/src/main/java/it/csi/registry/repositories/ProvinciaRepository.java,true
amianto-registry/src/main/java/it/csi/registry/repositories/AuditRepositoryImpl.java,true
amianto-registry/src/main/java/it/csi/registry/repositories/AdesioneRepository.java,true
amianto-registry/src/main/java/it/csi/registry/repositories/FonteRepositoryImpl.java,true
amianto-registry/src/main/java/it/csi/registry/repositories/AslRepository.java,true
amianto-registry/src/main/java/it/csi/registry/repositories/NoteRepository.java,true
amianto-registry/src/main/java/it/csi/registry/repositories/PdfRepository.java,true
amianto-registry/src/main/java/it/csi/registry/configuratoreDTO/ProfiloApplicativoDTO.java,true
amianto-registry/src/main/java/it/csi/registry/configuratoreDTO/CollocazioneDTO.java,true
amianto-registry/src/main/java/it/csi/registry/configuratoreDTO/UserDTO.java,true
amianto-registry/src/main/java/it/csi/registry/configuratoreDTO/AuthTokenDTO.java,true
amianto-registry/src/main/java/it/csi/registry/config/SqlLoggerListener.java,true
amianto-registry/src/main/java/it/csi/registry/config/CorsConfig.java,true
amianto-registry/src/main/java/it/csi/registry/config/SpringdocConfig.java,true
amianto-registry/src/main/java/it/csi/registry/config/JacksonConfig.java,true
amianto-registry/src/main/java/it/csi/registry/jooq/DefaultCatalog.java,true
amianto-registry/src/main/java/it/csi/registry/jooq/Keys.java,true
amianto-registry/src/main/java/it/csi/registry/jooq/Sequences.java,true
amianto-registry/src/main/java/it/csi/registry/jooq/Routines.java,true
amianto-registry/src/main/java/it/csi/registry/jooq/Tables.java,true
amianto-registry/src/main/java/it/csi/registry/jooq/Reea.java,true
amianto-registry/src/main/java/it/csi/registry/jooq/Indexes.java,true
amianto-registry/src/main/java/it/csi/registry/jooq/tables/ReeaRProfiloFunzionalita.java,true
amianto-registry/src/main/java/it/csi/registry/jooq/tables/ReeaRProfiloCampoMascherato.java,true
amianto-registry/src/main/java/it/csi/registry/jooq/tables/ReeaDCampoMascherato.java,true
amianto-registry/src/main/java/it/csi/registry/jooq/tables/CsiLogAudit.java,true
amianto-registry/src/main/java/it/csi/registry/jooq/tables/ReeaDRegistroSpresalAnamnesiRagionesociale.java,true
amianto-registry/src/main/java/it/csi/registry/jooq/tables/ReeaDGruppoFunzionalita.java,true
amianto-registry/src/main/java/it/csi/registry/jooq/tables/ReeaDRegistroSpresalAnamnesiMansione.java,true
amianto-registry/src/main/java/it/csi/registry/jooq/tables/ReeaTRegistroSpresalEsiti.java,true
amianto-registry/src/main/java/it/csi/registry/jooq/tables/ReeaTRegistroInail.java,true
amianto-registry/src/main/java/it/csi/registry/jooq/tables/ReeaDSoggettoStato.java,true
amianto-registry/src/main/java/it/csi/registry/jooq/tables/ReeaTRegistroSpresalAnamnesi.java,true
amianto-registry/src/main/java/it/csi/registry/jooq/tables/ReeaTRegistro.java,true
amianto-registry/src/main/java/it/csi/registry/jooq/tables/ReeaRUtenteCollocazione.java,true
amianto-registry/src/main/java/it/csi/registry/jooq/tables/ReeaDRuolo.java,true
amianto-registry/src/main/java/it/csi/registry/jooq/tables/ReeaDProfiloTipo.java,true
amianto-registry/src/main/java/it/csi/registry/jooq/tables/ReeaDAsl.java,true
amianto-registry/src/main/java/it/csi/registry/jooq/tables/ReeaDRegistroSpresalAnamnesiSettore.java,true
amianto-registry/src/main/java/it/csi/registry/jooq/tables/ReeaTFunzionalita.java,true
amianto-registry/src/main/java/it/csi/registry/jooq/tables/TmpComuni.java,true
amianto-registry/src/main/java/it/csi/registry/jooq/tables/ReeaTRegistroSnapshot.java,true
amianto-registry/src/main/java/it/csi/registry/jooq/tables/ReeaRUtenteRuolo.java,true
amianto-registry/src/main/java/it/csi/registry/jooq/tables/ReeaDInserimentoTipo.java,true
amianto-registry/src/main/java/it/csi/registry/jooq/tables/ReeaTSoggetto.java,true
amianto-registry/src/main/java/it/csi/registry/jooq/tables/ReeaCParametroTipo.java,true
amianto-registry/src/main/java/it/csi/registry/jooq/tables/ReeaTUtente.java,true
amianto-registry/src/main/java/it/csi/registry/jooq/tables/ReeaTEsposizione.java,true
amianto-registry/src/main/java/it/csi/registry/jooq/tables/ReeaTRegistroPdlAmianto.java,true
amianto-registry/src/main/java/it/csi/registry/jooq/tables/ReeaTCollocazione.java,true
amianto-registry/src/main/java/it/csi/registry/jooq/tables/ReeaCParametro.java,true
amianto-registry/src/main/java/it/csi/registry/jooq/tables/ReeaDFileStato.java,true
amianto-registry/src/main/java/it/csi/registry/jooq/tables/ReeaDFonte.java,true
amianto-registry/src/main/java/it/csi/registry/jooq/tables/ReeaLFileElaborazione.java,true
amianto-registry/src/main/java/it/csi/registry/jooq/tables/ReeaTAdesione.java,true
amianto-registry/src/main/java/it/csi/registry/jooq/tables/ReeaTFileImpatto.java,true
amianto-registry/src/main/java/it/csi/registry/jooq/tables/ReeaLFileElaborazioneErrore.java,true
amianto-registry/src/main/java/it/csi/registry/jooq/tables/ReeaRUtenteProfilo.java,true
amianto-registry/src/main/java/it/csi/registry/jooq/tables/ReeaLFileScaricoErrore.java,true
amianto-registry/src/main/java/it/csi/registry/jooq/tables/ReeaDAzienda.java,true
amianto-registry/src/main/java/it/csi/registry/jooq/tables/ReeaRSoggettoEsenzioneBkp.java,true
amianto-registry/src/main/java/it/csi/registry/jooq/tables/ReeaDComune.java,true
amianto-registry/src/main/java/it/csi/registry/jooq/tables/ReeaRSoggettoEsenzione.java,true
amianto-registry/src/main/java/it/csi/registry/jooq/tables/ReeaDAttestazioneSanitariaStato.java,true
amianto-registry/src/main/java/it/csi/registry/jooq/tables/ReeaDRegione.java,true
amianto-registry/src/main/java/it/csi/registry/jooq/tables/ReeaDFileOperazioneTipo.java,true
amianto-registry/src/main/java/it/csi/registry/jooq/tables/ReeaTFile.java,true
amianto-registry/src/main/java/it/csi/registry/jooq/tables/ReeaRRuoloProfilo.java,true
amianto-registry/src/main/java/it/csi/registry/jooq/tables/ReeaDProfilo.java,true
amianto-registry/src/main/java/it/csi/registry/jooq/tables/ReeaSSoggetto.java,true
amianto-registry/src/main/java/it/csi/registry/jooq/tables/ReeaDEsenzione.java,true
amianto-registry/src/main/java/it/csi/registry/jooq/tables/ReeaTNota.java,true
amianto-registry/src/main/java/it/csi/registry/jooq/tables/ReeaDProvincia.java,true
amianto-registry/src/main/java/it/csi/registry/jooq/tables/ReeaDNazione.java,true
amianto-registry/src/main/java/it/csi/registry/jooq/tables/records/ReeaDProfiloRecord.java,true
amianto-registry/src/main/java/it/csi/registry/jooq/tables/records/ReeaTRegistroInailRecord.java,false
amianto-registry/src/main/java/it/csi/registry/jooq/tables/records/ReeaDEsenzioneRecord.java,false
amianto-registry/src/main/java/it/csi/registry/jooq/tables/records/ReeaTUtenteRecord.java,false
amianto-registry/src/main/java/it/csi/registry/jooq/tables/records/ReeaRSoggettoEsenzioneRecord.java,false
amianto-registry/src/main/java/it/csi/registry/jooq/tables/records/ReeaDCampoMascheratoRecord.java,false
amianto-registry/src/main/java/it/csi/registry/jooq/tables/records/ReeaDProvinciaRecord.java,false
amianto-registry/src/main/java/it/csi/registry/jooq/tables/records/ReeaLFileScaricoErroreRecord.java,false
amianto-registry/src/main/java/it/csi/registry/jooq/tables/records/ReeaDRegistroSpresalAnamnesiSettoreRecord.java,false
amianto-registry/src/main/java/it/csi/registry/jooq/tables/records/ReeaRUtenteCollocazioneRecord.java,false
amianto-registry/src/main/java/it/csi/registry/jooq/tables/records/ReeaDProfiloTipoRecord.java,false
amianto-registry/src/main/java/it/csi/registry/jooq/tables/records/ReeaTRegistroRecord.java,false
amianto-registry/src/main/java/it/csi/registry/jooq/tables/records/ReeaDRegistroSpresalAnamnesiRagionesocialeRecord.java,false
amianto-registry/src/main/java/it/csi/registry/jooq/tables/records/ReeaDRuoloRecord.java,false
amianto-registry/src/main/java/it/csi/registry/jooq/tables/records/ReeaDAttestazioneSanitariaStatoRecord.java,false
amianto-registry/src/main/java/it/csi/registry/jooq/tables/records/ReeaCParametroTipoRecord.java,false
amianto-registry/src/main/java/it/csi/registry/jooq/tables/records/ReeaDSoggettoStatoRecord.java,false
amianto-registry/src/main/java/it/csi/registry/jooq/tables/records/ReeaCParametroRecord.java,false
amianto-registry/src/main/java/it/csi/registry/jooq/tables/records/ReeaDRegioneRecord.java,false
amianto-registry/src/main/java/it/csi/registry/jooq/tables/records/ReeaRSoggettoEsenzioneBkpRecord.java,false
amianto-registry/src/main/java/it/csi/registry/jooq/tables/records/ReeaLFileElaborazioneRecord.java,false
amianto-registry/src/main/java/it/csi/registry/jooq/tables/records/ReeaDFileOperazioneTipoRecord.java,false
amianto-registry/src/main/java/it/csi/registry/jooq/tables/records/ReeaTFileRecord.java,false
amianto-registry/src/main/java/it/csi/registry/jooq/tables/records/ReeaDFileStatoRecord.java,false
amianto-registry/src/main/java/it/csi/registry/jooq/tables/records/TmpComuniRecord.java,false
amianto-registry/src/main/java/it/csi/registry/jooq/tables/records/ReeaDAslRecord.java,false
amianto-registry/src/main/java/it/csi/registry/jooq/tables/records/ReeaSSoggettoRecord.java,false
amianto-registry/src/main/java/it/csi/registry/jooq/tables/records/ReeaRUtenteProfiloRecord.java,false
amianto-registry/src/main/java/it/csi/registry/jooq/tables/records/ReeaTRegistroSpresalEsitiRecord.java,false
amianto-registry/src/main/java/it/csi/registry/jooq/tables/records/ReeaDRegistroSpresalAnamnesiMansioneRecord.java,false
amianto-registry/src/main/java/it/csi/registry/jooq/tables/records/ReeaTFileImpattoRecord.java,false
amianto-registry/src/main/java/it/csi/registry/jooq/tables/records/ReeaDInserimentoTipoRecord.java,false
amianto-registry/src/main/java/it/csi/registry/jooq/tables/records/ReeaTSoggettoRecord.java,false
amianto-registry/src/main/java/it/csi/registry/jooq/tables/records/ReeaTAdesioneRecord.java,false
amianto-registry/src/main/java/it/csi/registry/jooq/tables/records/ReeaLFileElaborazioneErroreRecord.java,false
amianto-registry/src/main/java/it/csi/registry/jooq/tables/records/ReeaTRegistroPdlAmiantoRecord.java,false
amianto-registry/src/main/java/it/csi/registry/jooq/tables/records/ReeaTFunzionalitaRecord.java,false
amianto-registry/src/main/java/it/csi/registry/jooq/tables/records/ReeaRProfiloCampoMascheratoRecord.java,false
amianto-registry/src/main/java/it/csi/registry/jooq/tables/records/ReeaRRuoloProfiloRecord.java,false
amianto-registry/src/main/java/it/csi/registry/jooq/tables/records/ReeaDGruppoFunzionalitaRecord.java,false
amianto-registry/src/main/java/it/csi/registry/jooq/tables/records/ReeaTEsposizioneRecord.java,false
amianto-registry/src/main/java/it/csi/registry/jooq/tables/records/ReeaDNazioneRecord.java,false
amianto-registry/src/main/java/it/csi/registry/jooq/tables/records/ReeaDAziendaRecord.java,false
amianto-registry/src/main/java/it/csi/registry/jooq/tables/records/ReeaDComuneRecord.java,false
amianto-registry/src/main/java/it/csi/registry/jooq/tables/records/ReeaRUtenteRuoloRecord.java,false
amianto-registry/src/main/java/it/csi/registry/jooq/tables/records/ReeaTCollocazioneRecord.java,false
amianto-registry/src/main/java/it/csi/registry/jooq/tables/records/ReeaDFonteRecord.java,false
amianto-registry/src/main/java/it/csi/registry/jooq/tables/records/ReeaTNotaRecord.java,false
amianto-registry/src/main/java/it/csi/registry/jooq/tables/records/ReeaRProfiloFunzionalitaRecord.java,false
amianto-registry/src/main/java/it/csi/registry/jooq/tables/records/ReeaTRegistroSnapshotRecord.java,false
amianto-registry/src/main/java/it/csi/registry/jooq/tables/records/ReeaTRegistroSpresalAnamnesiRecord.java,false
amianto-registry/src/main/java/it/csi/registry/jooq/tables/records/CsiLogAuditRecord.java,false
amianto-registry/src/main/java/it/csi/registry/jooq/routines/TextToHmac.java,false
amianto-registry/src/main/java/it/csi/registry/jooq/routines/HmacSoggettoId.java,false
amianto-registry/src/main/java/it/csi/registry/services/FileUploadService.java,false
amianto-registry/src/main/java/it/csi/registry/services/AslServiceImpl.java,false
amianto-registry/src/main/java/it/csi/registry/services/ProvinciaServiceImpl.java,false
amianto-registry/src/main/java/it/csi/registry/services/EsenzioneServiceImpl.java,false
amianto-registry/src/main/java/it/csi/registry/services/ProvinciaService.java,false
amianto-registry/src/main/java/it/csi/registry/services/BatchServiceImpl.java,false
amianto-registry/src/main/java/it/csi/registry/services/SpresalServiceImpl.java,false
amianto-registry/src/main/java/it/csi/registry/services/AdesioneService.java,false
amianto-registry/src/main/java/it/csi/registry/services/AslService.java,false
amianto-registry/src/main/java/it/csi/registry/services/PdfService.java,false
amianto-registry/src/main/java/it/csi/registry/services/AdesioneServiceImpl.java,false
amianto-registry/src/main/java/it/csi/registry/services/ConfiguratoreService.java,false
amianto-registry/src/main/java/it/csi/registry/services/NplaService.java,false
amianto-registry/src/main/java/it/csi/registry/services/AnagraficaServiceImpl.java,false
amianto-registry/src/main/java/it/csi/registry/services/NazioneService.java,false
amianto-registry/src/main/java/it/csi/registry/services/SpresalService.java,false
amianto-registry/src/main/java/it/csi/registry/services/NoteService.java,false
amianto-registry/src/main/java/it/csi/registry/services/PdfServiceImpl.java,false
amianto-registry/src/main/java/it/csi/registry/services/ArchivioFileCaricatiService.java,false
amianto-registry/src/main/java/it/csi/registry/services/BatchService.java,false
amianto-registry/src/main/java/it/csi/registry/services/ParametroServiceImpl.java,false
amianto-registry/src/main/java/it/csi/registry/services/NazioneServiceImpl.java,false
amianto-registry/src/main/java/it/csi/registry/services/TracciaElaborazioneService.java,false
amianto-registry/src/main/java/it/csi/registry/services/AuditService.java,false
amianto-registry/src/main/java/it/csi/registry/services/ConfiguratoreMixins.java,false
amianto-registry/src/main/java/it/csi/registry/services/FonteServiceImpl.java,false
amianto-registry/src/main/java/it/csi/registry/services/TracciaElaborazioneServiceImpl.java,false
amianto-registry/src/main/java/it/csi/registry/services/AuditPayloadMapper.java,false
amianto-registry/src/main/java/it/csi/registry/services/EsenzioneService.java,false
amianto-registry/src/main/java/it/csi/registry/services/NplaServiceImpl.java,false
amianto-registry/src/main/java/it/csi/registry/services/InailService.java,false
amianto-registry/src/main/java/it/csi/registry/services/AnagraficaService.java,false
amianto-registry/src/main/java/it/csi/registry/services/AuditServiceImpl.java,false
amianto-registry/src/main/java/it/csi/registry/services/ComuneService.java,false
amianto-registry/src/main/java/it/csi/registry/services/NoteServiceImpl.java,false
amianto-registry/src/main/java/it/csi/registry/services/ParametroService.java,false
amianto-registry/src/main/java/it/csi/registry/services/ArchivioFileCaricatiServiceImpl.java,false
amianto-registry/src/main/java/it/csi/registry/services/FonteService.java,false
amianto-registry/src/main/java/it/csi/registry/services/InailServiceImpl.java,false
amianto-registry/src/main/java/it/csi/registry/services/ComuneServiceImpl.java,false
amianto-registry/src/main/java/it/csi/registry/services/FileUploadServiceImpl.java,false
amianto-registry/src/main/java/it/csi/registry/soap/anagrafe/config/AnagrafeFindConfig.java,false
amianto-registry/src/main/java/it/csi/registry/soap/anagrafe/config/AnagrafeGetConfig.java,false
amianto-registry/src/main/java/it/csi/registry/soap/anagrafe/intefaces/AnagrafeFindInterface.java,false
amianto-registry/src/main/java/it/csi/registry/soap/anagrafe/intefaces/AnagrafeGetInterface.java,false
amianto-registry/src/main/java/it/csi/registry/soap/anagrafe/services/AnagrafeGetService.java,false
amianto-registry/src/main/java/it/csi/registry/soap/anagrafe/services/AnagrafeFindService.java,false
amianto-registry/src/main/java/it/csi/registry/soap/anagrafe/clients/AnagrafeGetClient.java,false
amianto-registry/src/main/java/it/csi/registry/soap/anagrafe/clients/AnagrafeFindClient.java,false
amianto-registry/src/main/java/it/csi/registry/aura/controller/AuraController.java,false
amianto-registry/src/main/java/it/csi/registry/aura/dto/AuraAssistitoDto.java,false
amianto-registry/src/main/java/it/csi/registry/aura/mapper/AuraMapper.java,false
amianto-registry/src/main/java/it/csi/registry/aura/services/AuraServiceImpl.java,false
amianto-registry/src/main/java/it/csi/registry/aura/services/AuraService.java,false
amianto-registry/src/main/java/it/csi/registry/util/ErroreImportUtility.java,false
amianto-registry/src/main/java/it/csi/registry/util/ExportField.java,false
amianto-registry/src/main/java/it/csi/registry/util/DateConversionUtils.java,false
amianto-registry/src/main/java/it/csi/registry/util/CodiceFiscale.java,false
amianto-registry/src/main/java/it/csi/registry/util/NumberUtils.java,false
amianto-registry/src/main/java/it/csi/registry/util/ExcelExportResult.java,false
amianto-registry/src/main/java/it/csi/registry/util/ExcelNplaParser.java,false
amianto-registry/src/main/java/it/csi/registry/util/ExcelParser.java,false
amianto-registry/src/main/java/it/csi/registry/util/ExcelFileUtils.java,false
amianto-registry/src/main/java/it/csi/registry/util/StringUtil.java,false
amianto-registry/src/main/java/it/csi/registry/util/SpresalUtils.java,false
amianto-registry/src/main/java/it/csi/registry/util/AdesioneUtils.java,false
amianto-registry/src/main/java/it/csi/registry/util/PasswordCallbackHandler.java,false
amianto-registry/src/main/java/it/csi/registry/util/RegistroUtils.java,false
amianto-registry/src/main/java/it/csi/registry/util/SafeAccess.java,false
amianto-registry/src/main/java/it/csi/registry/api/NoteController.java,false
amianto-registry/src/main/java/it/csi/registry/api/controllers/EsenzioneController.java,false
amianto-registry/src/main/java/it/csi/registry/api/controllers/PdfController.java,false
amianto-registry/src/main/java/it/csi/registry/api/controllers/ProvinciaController.java,false
amianto-registry/src/main/java/it/csi/registry/api/controllers/ArchivioFileCaricatiController.java,false
amianto-registry/src/main/java/it/csi/registry/api/controllers/BatchApiController.java,false
amianto-registry/src/main/java/it/csi/registry/api/controllers/InailController.java,false
amianto-registry/src/main/java/it/csi/registry/api/controllers/AnagraficaController.java,false
amianto-registry/src/main/java/it/csi/registry/api/controllers/FonteController.java,false
amianto-registry/src/main/java/it/csi/registry/api/controllers/NplaController.java,false
amianto-registry/src/main/java/it/csi/registry/api/controllers/ParametroController.java,false
amianto-registry/src/main/java/it/csi/registry/api/controllers/AslController.java,false
amianto-registry/src/main/java/it/csi/registry/api/controllers/FileController.java,false
amianto-registry/src/main/java/it/csi/registry/api/controllers/AuthController.java,false
amianto-registry/src/main/java/it/csi/registry/api/controllers/AuditController.java,false
amianto-registry/src/main/java/it/csi/registry/api/controllers/LoginController.java,false
amianto-registry/src/main/java/it/csi/registry/api/controllers/SpresalController.java,false
amianto-registry/src/main/java/it/csi/registry/api/controllers/AdesioneController.java,false
amianto-registry/src/main/java/it/csi/registry/api/controllers/NazioneController.java,false
amianto-registry/src/main/java/it/csi/registry/api/controllers/ComuneController.java,false
